生徒名,ウェーブキャット,ペロロローラー,エーポッド,禁断の愛,ゲームマガジン,グロス,BBクリーム,カモフラージュクリーム,クッキーセット,銃青春,望遠鏡,ゲームガール,レーション,ラムネ,ゼリーズ枕,探偵ウサギ,Oフィット,地図,ぐるぐるメガネ,絡繰りBOX,熊ぬいぐるみ,ペアチケット,絵具セット,詩集,食器,キューブパズル,ケーキ,ビュッフェ券,植物鉢,欲望の壺,オルゴール,ハンカチ,百科事典,サプリ,浮き輪,レースの枕,ヤンキー,ザ・ビヨンド,卵の工芸品,清純派パフェ,エイ～ブックレア,おしゃれくし,ビタミンゼリー,楓盆栽,裁縫キット,演奏会入場券,ダンベルセット,ザ・人生,ミクカード,きらめき花束,美しい花束,さわやか花束
アイリ,1,1,1,1,1,1,1,1,3,1,1,1,2,2,1,1,1,1,1,1,1,1,1,1,1,1,2,1,1,1,1,1,1,1,1,6,6,6,6,7,6,6,6,6,6,6,6,6,3,3,8,8
アイリ (バンド),1,1,1,1,1,1,1,1,3,1,1,1,2,2,1,1,1,1,1,1,1,1,1,1,1,1,3,1,1,1,1,2,1,1,1,6,6,6,6,8,6,6,6,6,6,6,6,6,3,3,8,8
アオバ,1,1,1,1,1,1,1,1,1,1,1,1,1,1,1,1,1,1,1,1,1,2,1,1,2,1,1,3,1,1,1,1,1,2,1,6,6,6,6,6,6,6,7,6,8,7,6,6,3,3,8,8
アカネ,1,1,1,1,1,1,1,1,1,1,1,1,1,1,1,1,1,1,1,1,1,1,1,1,3,1,1,1,1,1,1,1,1,1,1,6,6,6,6,6,6,6,6,6,7,6,6,6,3,3,8,8
アカネ (バニー),1,1,1,1,1,1,1,1,1,1,1,1,1,1,1,1,1,1,1,1,1,1,1,1,3,1,1,1,1,1,1,1,1,1,1,6,6,6,6,6,6,6,6,6,8,6,6,6,3,3,8,8
アカリ,1,1,1,1,1,1,1,1,1,1,1,1,1,1,1,1,1,1,1,1,1,1,1,1,1,1,2,3,1,1,1,1,1,1,1,6,6,6,6,8,6,6,6,6,6,6,6,6,3,3,8,8
アカリ (正月),1,1,1,1,1,1,1,1,1,1,1,1,1,1,1,1,1,1,1,1,1,1,1,1,1,1,2,3,1,1,1,1,1,1,1,6,6,6,6,8,6,6,6,6,6,6,6,6,3,3,8,8
アコ,1,1,1,1,1,1,1,1,1,1,1,1,1,1,1,1,1,2,1,2,1,1,1,1,1,1,1,1,1,2,2,1,2,3,1,6,6,6,7,6,6,6,6,6,6,6,6,6,3,3,8,8
アコ (ドレス),1,1,1,1,1,1,1,1,1,1,1,1,1,1,1,3,1,2,1,2,1,1,1,1,1,1,1,1,1,2,2,1,2,3,1,6,6,6,7,6,6,6,8,6,6,6,6,6,3,3,8,8
アズサ,2,2,1,1,1,1,1,1,1,1,1,1,1,1,1,1,1,1,1,1,3,1,1,1,1,1,1,1,1,1,1,2,1,1,1,6,6,6,6,6,6,7,6,6,6,6,6,6,3,3,8,8
アズサ (水着),2,2,1,1,1,1,1,1,1,1,1,1,1,1,1,1,1,1,1,1,3,1,1,1,1,1,1,1,1,1,1,1,1,1,3,6,6,6,6,6,6,8,6,6,6,6,6,6,3,3,8,8
アスナ,1,1,1,1,1,3,2,2,1,1,1,1,1,1,1,1,1,1,1,1,1,1,1,1,1,1,1,1,1,1,1,1,1,1,1,6,6,7,6,8,6,6,6,6,6,6,6,6,3,3,8,8
アスナ (バニー),1,1,1,1,1,1,1,1,2,1,1,1,2,2,1,1,1,1,1,1,1,1,1,1,1,1,3,1,1,1,1,1,1,1,1,6,6,8,6,7,6,6,6,6,6,6,6,6,3,3,8,8
アスナ (制服),1,1,1,1,1,3,3,2,1,1,1,1,1,1,1,1,1,1,1,1,1,1,1,1,1,1,1,1,1,1,1,1,1,1,1,6,6,8,6,6,6,6,6,6,6,6,6,6,3,3,8,8
アツコ,1,1,1,1,1,1,1,1,1,1,1,1,1,1,1,1,1,1,1,1,1,1,1,1,1,1,1,1,1,1,1,1,3,1,1,6,6,6,6,6,6,6,6,6,6,6,6,8,3,3,8,8
アツコ (水着),1,1,1,2,2,1,1,1,1,2,1,1,1,1,1,2,1,1,2,1,1,1,1,3,1,1,1,1,2,2,1,1,3,2,3,6,7,6,6,6,6,6,6,6,6,6,6,8,3,3,8,8
アヤネ,1,1,1,2,2,1,1,1,1,3,1,1,1,1,1,2,1,1,1,1,1,1,1,2,1,1,1,1,1,1,1,1,2,1,1,6,7,6,6,6,6,6,6,6,6,6,6,6,3,3,8,8
アヤネ (水着),1,1,1,2,2,1,1,1,1,3,1,1,1,1,1,2,1,1,1,1,1,1,1,2,1,1,1,1,1,1,1,1,2,1,3,6,7,6,6,6,8,6,6,6,6,6,6,6,3,3,8,8
アリス,1,1,1,1,3,1,1,1,1,1,1,2,1,1,1,1,2,1,1,1,1,1,1,1,1,1,1,1,1,1,1,1,1,1,1,6,6,6,6,6,6,6,6,6,6,6,6,8,3,3,8,8
アリス (メイド),1,1,1,1,3,1,1,1,1,1,2,2,1,1,1,1,2,1,2,1,2,1,2,1,1,3,1,1,1,1,1,2,1,1,1,6,6,6,6,6,6,8,6,6,6,6,6,8,3,3,8,8
アリス (臨戦),1,1,1,1,2,1,1,1,1,1,2,3,1,1,1,1,2,1,2,1,2,1,2,1,1,2,1,1,1,1,1,2,1,1,1,6,6,6,6,6,6,7,6,6,6,6,6,8,3,3,8,8
アル,1,1,1,1,1,1,1,1,1,1,1,1,1,1,1,1,1,3,1,2,1,1,1,1,1,1,1,1,1,2,2,1,1,1,1,6,6,6,7,6,6,6,6,6,6,6,6,6,3,3,8,8
アル (ドレス),1,1,1,1,1,1,1,1,1,1,1,1,1,1,1,1,1,3,1,3,1,1,1,1,1,1,1,1,1,3,2,1,1,1,1,6,6,6,8,6,6,6,6,6,6,6,6,6,3,3,8,8
アル (正月),1,1,1,1,1,1,1,1,1,1,1,1,1,1,1,1,1,3,1,2,1,1,1,1,1,1,1,1,1,2,2,1,1,1,1,6,6,6,7,6,6,6,6,6,6,6,6,6,3,3,8,8
イオリ,1,1,1,1,1,1,1,2,2,1,1,1,3,2,1,1,1,1,1,1,1,1,1,1,1,1,2,1,1,1,1,1,1,1,1,6,6,6,6,7,6,6,6,6,6,6,6,6,3,3,8,8
イオリ (水着),1,1,1,1,1,1,1,2,2,1,1,1,3,2,1,1,1,1,1,1,1,1,1,1,1,1,2,1,1,1,1,1,1,1,3,6,6,6,6,7,6,6,6,6,6,6,6,6,3,3,8,8
イズナ,1,1,1,1,1,1,1,1,1,1,1,1,1,1,1,1,1,1,1,1,1,1,1,1,1,1,1,1,1,1,1,3,1,1,1,6,6,6,6,6,6,7,6,6,6,6,6,6,3,3,8,8
イズナ (水着),1,1,1,1,1,1,1,1,1,1,1,1,1,1,1,1,1,1,1,1,1,1,1,1,1,1,1,1,1,1,1,3,1,1,3,6,6,6,6,6,6,7,6,6,6,6,6,6,3,3,8,8
イズミ,1,1,1,1,1,1,1,1,2,1,1,1,2,3,1,1,1,1,1,1,1,1,1,1,1,1,2,1,1,1,1,1,1,1,1,6,6,6,6,7,6,6,6,6,6,6,6,6,3,3,8,8
イズミ (水着),1,1,1,1,1,1,1,1,2,1,1,1,2,3,1,1,1,1,1,1,1,1,1,1,1,1,2,1,1,1,1,1,1,1,3,6,6,6,6,7,6,6,6,6,6,6,6,6,3,3,8,8
イズミ (正月),1,1,1,1,1,1,1,1,2,1,1,1,2,3,1,1,1,1,1,1,1,1,1,1,1,1,2,1,1,1,1,1,1,1,1,6,6,6,6,7,6,6,6,6,6,6,6,6,3,3,8,8
イチカ,1,1,2,1,1,3,2,2,1,1,1,2,1,1,1,1,1,1,1,1,1,1,1,1,1,1,1,1,1,1,1,2,1,1,1,6,6,8,6,6,7,7,6,6,6,6,6,6,3,3,8,8
イチカ (水着),1,1,2,1,1,3,2,2,1,1,1,2,1,1,1,1,1,1,1,1,1,1,1,1,1,1,1,1,1,1,1,1,1,1,3,6,6,8,6,6,7,6,6,6,6,6,6,6,3,3,8,8
イブキ,1,1,1,1,1,1,1,1,3,1,2,1,2,2,1,1,1,1,2,1,3,1,3,1,1,2,2,1,1,1,1,1,1,1,1,6,6,6,6,8,6,6,6,6,6,6,6,8,3,3,8,8
イロハ,1,1,1,2,3,1,1,1,1,2,1,2,1,1,1,2,2,1,1,1,1,1,1,2,1,1,1,1,1,1,1,1,2,1,1,6,7,6,6,6,6,6,6,6,6,6,6,6,3,3,8,8
ウイ,1,1,1,2,2,1,1,1,1,3,1,1,1,1,1,2,1,1,1,1,1,1,1,3,1,1,1,1,1,1,1,1,2,1,1,6,7,6,8,6,6,6,6,6,6,6,6,6,3,3,8,8
ウイ (水着),1,1,1,2,2,1,1,1,1,1,1,1,1,1,1,2,1,3,1,1,1,1,1,3,1,1,1,1,1,1,1,1,2,1,3,6,8,6,6,6,6,6,6,6,6,6,6,6,3,3,8,8
ウタハ,1,1,1,1,1,1,1,1,1,1,3,1,1,1,1,1,1,1,1,1,1,1,1,1,1,1,1,1,1,1,1,1,1,1,1,6,6,6,6,6,8,6,6,6,6,6,6,6,3,3,8,8
ウタハ (応援団),1,1,2,1,1,1,1,1,1,1,3,2,1,1,1,1,1,1,1,1,1,1,1,1,1,1,1,1,1,1,1,1,1,1,1,6,6,6,6,6,8,6,6,6,6,6,6,6,3,3,8,8
ウミカ,1,1,1,1,1,1,1,1,1,1,2,1,1,1,1,1,1,1,3,1,2,1,2,1,1,2,1,1,2,2,1,1,1,1,1,6,6,6,6,6,6,6,6,6,6,6,6,8,3,3,8,8
エイミ,1,1,2,1,1,1,1,1,1,1,1,1,1,1,1,1,1,2,1,2,1,1,1,1,1,1,1,1,1,2,3,1,1,1,1,6,6,6,7,6,6,6,6,6,6,6,6,6,3,3,8,8
エイミ (水着),1,1,2,1,1,1,1,1,1,1,1,1,1,1,1,1,1,2,1,2,1,1,1,1,1,1,1,1,1,2,3,1,1,1,3,6,6,6,7,6,6,6,6,6,6,6,6,6,3,3,8,8
エリ,1,1,1,1,1,1,1,1,1,1,1,1,1,1,1,1,1,3,1,2,1,1,3,1,1,1,1,1,1,2,2,1,1,1,1,6,6,6,8,6,6,6,6,6,6,6,6,6,3,3,8,8
カエデ,1,1,1,1,2,1,1,1,1,1,2,2,1,1,1,1,2,1,3,1,2,1,2,1,1,2,1,1,2,2,1,1,1,1,1,6,6,6,6,6,6,6,6,6,6,6,6,7,3,3,8,8
カズサ,1,1,1,1,1,2,1,1,3,1,1,1,2,2,1,1,1,1,1,1,1,1,1,1,1,1,2,1,1,1,1,1,1,1,1,6,6,6,6,7,6,6,6,6,6,6,6,6,3,3,8,8
カズサ (バンド),1,1,2,1,1,1,1,1,3,1,1,1,2,2,1,1,1,1,1,1,1,1,1,1,1,1,3,1,1,1,2,1,1,1,1,6,6,6,6,8,6,6,6,6,6,6,6,6,3,3,8,8
カスミ,1,1,1,1,1,1,1,1,1,1,2,1,1,1,1,1,1,3,1,2,1,1,1,1,1,1,1,1,1,1,1,1,1,1,1,6,6,6,6,6,8,6,6,6,6,6,6,6,3,3,8,8
カノエ,1,1,3,3,2,1,1,1,1,2,1,1,1,1,1,2,1,1,1,1,1,1,1,2,1,1,1,1,1,1,1,1,2,1,1,6,7,8,6,6,6,6,6,6,6,6,6,6,3,3,8,8
カホ,1,1,1,2,2,1,1,1,1,2,1,1,1,1,1,2,1,1,1,1,1,1,1,3,1,1,1,1,1,1,1,1,2,1,1,6,8,6,6,6,6,6,6,6,6,6,6,6,3,3,8,8
カヨコ,1,1,3,1,1,1,1,1,1,1,1,2,1,1,1,1,1,1,1,1,1,1,1,1,1,1,1,1,1,1,2,1,1,1,1,6,6,6,6,6,7,6,6,6,6,6,6,6,3,3,8,8
カヨコ (ドレス),1,1,3,1,1,1,1,1,1,1,1,2,1,1,1,1,1,1,1,1,1,1,1,1,1,1,1,1,1,1,3,1,1,1,1,6,6,6,6,6,8,6,6,6,6,6,6,6,3,3,8,8
カヨコ (正月),1,1,3,1,1,1,1,1,1,1,1,2,1,1,1,1,1,1,1,1,1,1,1,1,1,1,1,1,1,1,2,3,1,1,1,6,6,6,6,6,7,7,6,6,6,8,6,6,3,3,8,8
カリン,1,1,1,1,1,1,1,1,1,1,1,1,1,1,1,1,1,1,1,1,1,1,1,1,1,3,1,1,1,1,1,1,1,1,1,6,6,6,6,6,6,6,6,6,8,6,6,6,3,3,8,8
カリン (バニー),1,1,1,1,1,1,1,1,1,1,1,1,1,1,1,1,1,1,1,1,3,1,1,1,1,1,1,1,1,1,1,1,1,1,1,6,6,6,6,6,6,6,6,6,8,6,6,6,3,3,8,8
カリン (制服),1,1,1,2,1,1,1,1,1,1,1,1,1,1,1,1,1,1,1,1,1,1,1,1,3,1,1,1,1,1,1,2,1,1,1,6,6,6,6,6,6,6,6,6,8,6,6,6,3,3,8,8
カンナ,1,1,1,1,1,1,1,1,1,1,1,1,1,1,1,1,1,1,1,1,1,1,1,1,1,1,1,1,1,1,1,1,2,3,1,6,6,6,6,6,6,6,8,6,6,6,6,6,3,3,8,8
カンナ (水着),1,1,1,2,2,1,1,1,1,2,1,1,1,1,1,3,1,1,1,1,1,1,1,2,1,1,1,1,1,1,1,1,2,1,3,6,8,6,6,6,6,6,6,6,6,6,6,6,3,3,8,8
キキョウ,1,1,1,2,2,1,1,1,1,3,1,1,1,1,1,3,1,1,1,1,1,1,1,3,1,1,1,1,1,1,1,1,3,2,1,6,8,6,6,6,6,6,6,6,6,6,6,6,3,3,8,8
キキョウ (水着),1,1,1,2,2,1,1,1,1,3,1,1,1,1,1,2,1,1,1,1,1,1,1,2,1,1,1,1,1,1,1,1,3,2,3,6,8,6,6,6,6,6,6,6,6,6,6,6,3,3,8,8
キサキ,1,1,1,2,2,1,1,1,1,2,1,1,1,1,1,2,1,1,2,1,1,1,1,2,3,1,1,1,2,2,1,1,2,1,1,6,7,6,6,6,6,6,6,8,6,6,6,6,3,3,8,8
キララ,1,1,1,1,1,3,3,2,1,1,1,1,1,1,1,1,1,1,1,1,1,1,1,1,1,1,1,1,1,1,1,2,1,1,1,6,6,6,6,6,6,8,6,6,6,6,6,6,3,3,8,8
キリノ,1,1,1,1,1,1,1,1,2,1,1,1,1,1,1,1,1,1,1,1,1,1,1,1,1,1,1,1,1,1,1,3,1,1,1,6,6,6,6,8,6,6,6,6,6,6,6,6,3,3,8,8
キリノ (水着),1,2,1,1,1,1,1,1,2,1,1,1,1,1,1,1,3,1,1,1,1,1,1,1,1,1,1,1,1,1,1,1,1,1,3,6,6,6,6,6,6,6,6,6,6,6,8,6,3,3,8,8
ケイ,1,1,1,1,2,3,2,2,1,1,1,3,1,1,1,1,2,1,1,1,1,1,1,1,1,1,1,1,1,1,1,1,1,1,1,6,6,8,6,6,6,6,6,6,6,6,6,6,3,3,8,8
ココナ,1,1,1,1,1,1,1,1,3,1,1,1,2,2,1,1,1,1,1,1,1,1,1,1,1,1,2,1,1,1,1,1,1,1,1,6,6,6,6,8,6,6,6,6,6,6,6,6,3,3,8,8
コタマ,1,1,1,1,1,1,1,1,1,1,2,1,1,1,1,1,1,1,2,1,3,1,2,1,1,2,1,1,1,1,1,1,1,1,1,6,6,6,6,6,6,6,6,6,6,6,6,7,3,3,8,8
コタマ (キャンプ),1,1,1,1,1,1,1,1,1,1,2,1,1,1,1,1,1,1,2,1,3,1,2,1,1,2,1,1,1,1,1,1,1,1,1,6,6,6,6,6,8,6,6,6,6,6,6,7,3,3,8,8
コトリ,1,1,1,2,2,1,1,1,1,2,1,1,1,1,1,1,1,1,1,1,1,1,1,2,1,1,1,1,1,1,1,1,3,2,1,6,7,6,6,6,8,6,6,6,6,6,6,6,3,3,8,8
コトリ (応援団),1,2,1,1,1,1,1,1,1,1,1,1,1,1,1,1,2,1,1,1,1,1,1,1,1,2,1,1,1,1,1,1,3,2,1,6,6,6,6,6,6,6,6,6,6,6,8,6,3,3,8,8
コハル,1,1,1,3,1,3,2,2,1,1,1,1,1,1,1,2,1,1,1,1,1,1,1,1,1,1,1,1,1,1,1,1,1,1,1,6,6,7,6,6,6,6,6,6,6,6,6,6,3,3,8,8
コハル (水着),1,1,1,3,1,1,1,1,1,2,1,1,1,1,1,1,1,1,1,1,1,1,1,1,1,1,1,1,1,1,1,1,1,1,3,6,6,8,6,6,6,6,6,6,6,6,6,6,3,3,8,8
コユキ,1,1,1,1,1,1,1,1,1,1,2,1,1,1,1,1,1,1,2,3,2,1,2,1,1,3,1,1,1,1,1,1,1,1,1,6,6,6,6,6,6,6,6,6,6,6,6,8,3,3,8,8
サオリ,1,1,1,1,1,3,3,2,1,1,1,1,1,1,1,1,1,1,1,1,1,1,1,1,1,1,1,1,1,1,1,1,1,1,1,6,6,7,6,6,6,6,6,6,6,6,6,6,3,3,8,8
サオリ (水着),1,1,1,1,1,3,3,3,1,1,1,1,2,1,1,1,1,1,1,1,1,1,1,1,1,1,1,1,1,1,1,1,1,1,3,6,6,7,6,6,6,8,6,6,6,6,6,6,3,3,8,8
サオリ (ドレス),1,1,1,1,1,3,2,2,1,1,1,1,2,1,1,1,1,1,1,1,1,1,1,1,1,1,1,1,1,1,1,2,1,1,1,6,6,7,6,6,6,8,6,6,6,6,6,6,3,3,8,8
サキ,1,1,1,1,1,1,1,3,1,1,1,1,2,1,1,1,1,2,1,2,1,1,1,1,1,1,1,1,1,2,2,1,2,2,1,6,6,6,7,6,6,6,6,6,6,6,6,6,3,3,8,8
サキ (水着),1,1,1,1,1,1,1,3,1,1,1,1,2,1,1,1,1,2,1,2,1,1,1,1,1,1,1,1,1,2,2,1,2,2,3,6,6,6,7,6,6,6,8,6,6,6,6,6,3,3,8,8
サクラコ,1,1,1,1,1,1,1,1,2,1,1,1,2,2,1,1,1,1,1,1,1,1,1,1,1,1,3,1,1,1,1,1,1,1,1,6,6,6,6,8,6,6,6,6,6,6,6,6,3,3,8,8
サクラコ (アイドル),1,1,1,2,2,1,1,1,1,2,1,1,1,1,1,2,1,1,2,2,1,1,1,2,1,1,1,1,2,2,1,1,2,1,1,6,7,6,6,8,6,6,6,6,6,6,6,6,3,3,8,8
サツキ,1,1,1,2,2,1,1,1,1,2,1,1,1,1,1,2,1,1,1,2,1,1,1,2,1,1,1,1,1,1,1,1,3,2,1,6,7,6,8,6,6,6,6,6,6,6,6,6,3,3,8,8
サヤ,1,1,1,1,1,1,1,1,1,1,1,1,1,1,1,1,1,1,1,1,1,1,1,1,1,1,1,1,1,1,1,1,2,3,1,6,6,6,6,6,6,6,7,6,6,6,6,6,3,3,8,8
サヤ (私服),1,1,1,1,1,1,1,1,2,1,1,1,1,1,1,1,1,1,3,1,1,1,1,1,1,1,1,1,2,2,1,1,1,1,1,6,6,6,6,6,6,6,8,6,6,6,6,6,3,3,8,8
シグレ,1,1,1,1,1,1,1,1,1,1,1,1,1,1,1,1,1,1,1,1,1,1,1,1,1,1,1,1,1,1,1,1,2,3,1,6,6,6,6,6,6,6,8,6,6,6,6,6,3,3,8,8
シグレ (温泉),1,1,1,1,1,1,1,1,1,1,1,1,1,1,1,1,1,1,1,1,1,1,1,1,1,1,1,1,1,1,1,1,2,3,1,6,6,6,6,6,6,6,8,6,6,6,6,6,3,3,8,8
シズコ,1,1,1,1,1,1,1,1,1,1,1,1,1,1,1,1,1,1,1,1,1,1,1,1,1,1,1,1,1,1,1,1,1,3,1,6,6,6,6,6,6,6,7,6,6,6,6,6,3,3,8,8
シズコ (水着),1,1,1,1,1,1,1,1,1,1,1,1,1,1,1,1,1,1,1,1,1,1,1,1,1,1,1,1,1,1,1,1,1,3,3,6,6,6,6,6,6,6,7,6,6,6,6,6,3,3,8,8
シミコ,1,1,1,2,2,1,1,1,1,2,1,1,1,1,1,3,1,1,1,1,1,1,1,2,1,1,1,1,1,1,1,1,2,1,1,6,7,6,6,6,6,6,6,6,6,6,6,6,3,3,8,8
ジュリ,1,1,1,1,1,1,1,1,1,1,1,1,1,1,1,1,1,1,1,1,1,1,3,1,1,1,1,1,1,1,1,1,1,1,1,6,6,6,6,6,6,6,8,6,6,6,6,6,3,3,8,8
ジュリ (アルバイト),1,1,1,1,1,2,1,1,1,1,1,1,1,1,1,1,1,1,1,1,1,1,1,1,2,1,1,1,1,1,1,3,1,1,1,6,6,6,6,8,6,6,6,6,6,6,6,6,3,3,8,8
シュン,1,1,1,1,1,2,3,2,1,1,1,1,1,1,1,1,1,1,1,1,1,1,1,1,1,1,1,1,1,1,1,1,1,1,1,6,6,7,6,6,6,6,6,6,6,6,6,6,3,3,8,8
シュン (幼女),1,1,1,1,1,1,1,1,3,1,1,1,2,2,1,1,1,1,1,1,2,1,1,1,1,1,2,1,1,1,1,1,1,1,1,6,6,6,6,7,6,6,6,6,6,6,6,6,3,3,8,8
ジュンコ,1,1,1,1,1,1,1,1,3,1,1,1,2,2,1,1,1,1,1,1,1,1,1,1,1,1,2,1,1,1,1,1,1,1,1,6,6,6,6,7,6,6,6,6,6,6,6,6,3,3,8,8
ジュンコ (正月),1,1,1,1,1,1,1,1,3,1,1,1,2,2,1,1,1,1,1,1,1,1,1,1,1,1,2,1,1,1,1,1,1,1,1,6,6,6,6,8,6,6,6,6,6,6,6,6,3,3,8,8
シロコ,1,3,1,1,1,1,1,1,1,1,1,1,1,1,1,1,2,1,1,1,1,1,1,1,1,1,1,1,1,1,1,1,1,1,1,6,6,6,6,6,6,6,6,6,6,6,7,6,3,3,8,8
シロコ (ライディング),1,2,1,1,1,1,1,1,1,1,1,1,1,1,1,1,2,3,1,1,1,1,1,1,1,1,1,1,1,1,1,1,1,1,1,6,6,6,6,6,6,6,6,6,6,6,7,6,3,3,8,8
シロコ (水着),1,3,1,1,1,1,1,1,1,1,1,1,1,1,1,1,2,1,1,1,1,1,1,1,1,1,1,1,1,1,1,1,1,1,3,6,6,6,6,6,6,6,6,6,6,6,8,6,3,3,8,8
シロコ＊テラー,1,3,1,1,1,1,1,1,1,1,1,1,1,1,1,1,2,1,1,1,1,1,1,1,1,1,1,1,1,1,1,1,1,1,1,6,6,6,6,6,6,6,6,6,6,6,7,6,3,3,8,8
スズミ,1,1,1,1,1,1,1,1,1,1,1,1,1,1,1,1,1,1,1,1,3,1,1,1,1,1,1,1,1,1,1,1,1,1,1,6,6,6,6,6,6,6,6,6,6,8,6,6,3,3,8,8
スズミ (マジカル),2,1,3,1,1,2,3,2,1,1,1,2,1,1,2,1,1,1,1,1,1,1,1,1,1,1,1,1,1,1,2,1,1,1,1,7,6,7,6,6,7,8,6,6,6,6,6,6,3,3,8,8
スバル,1,1,2,1,1,2,1,2,1,1,1,1,2,1,1,1,1,3,1,2,1,1,1,1,1,1,3,1,1,2,3,1,1,1,1,6,6,6,7,6,6,6,6,6,6,8,6,6,3,3,8,8
スミレ,1,2,1,1,1,1,1,1,1,1,1,1,1,1,1,1,3,1,1,1,1,1,1,1,1,1,1,1,1,1,1,1,1,1,1,6,6,6,6,6,6,6,6,6,6,6,7,6,3,3,8,8
スミレ (アルバイト),1,2,1,1,1,1,1,1,1,1,1,1,1,1,1,1,3,1,1,1,1,1,1,1,1,1,1,1,1,1,1,1,1,2,1,6,6,6,6,6,6,6,8,6,6,6,7,6,3,3,8,8
セイア,1,1,1,2,2,1,1,1,1,1,2,1,1,1,1,2,1,1,2,1,1,1,1,3,1,1,1,1,2,2,1,1,2,1,1,6,8,6,6,6,6,6,6,6,6,6,6,6,3,3,8,8
セイア (水着),1,1,1,1,2,1,1,1,1,2,1,3,1,1,1,2,1,1,2,1,1,1,1,2,1,1,1,1,2,2,1,1,2,1,3,6,7,6,6,6,6,6,6,6,6,6,6,8,3,3,8,8
セナ,3,1,1,1,1,1,1,1,1,1,1,1,1,1,2,1,1,1,1,1,1,1,1,1,1,1,1,1,1,1,1,1,2,2,1,7,6,6,6,6,6,6,8,6,6,6,6,6,3,3,8,8
セナ (私服),1,1,1,1,1,1,1,1,1,1,1,1,1,1,1,1,1,1,2,1,1,1,1,1,1,1,1,1,2,2,1,1,2,3,1,6,6,6,6,6,6,6,8,6,6,6,6,6,3,3,8,8
セリカ,1,1,1,1,1,1,1,1,1,1,1,1,1,1,1,1,1,2,1,2,1,1,1,1,1,1,1,1,1,3,2,1,1,1,1,6,6,6,7,6,6,6,6,6,6,6,6,6,3,3,8,8
セリカ (水着),1,1,1,1,1,1,1,1,1,1,1,1,1,1,1,1,1,2,1,2,1,1,1,1,1,1,1,1,1,3,2,2,1,1,3,6,6,6,8,6,6,6,6,6,6,6,6,6,3,3,8,8
セリカ (正月),1,1,1,1,1,1,1,1,1,1,1,1,1,1,1,1,1,2,1,2,1,1,1,1,1,1,1,1,1,3,2,1,1,1,1,6,6,6,7,6,6,6,6,6,6,6,6,6,3,3,8,8
セリナ,1,1,1,1,1,1,1,1,1,1,1,1,1,1,3,1,1,1,1,1,1,1,1,1,1,1,1,1,1,1,1,1,1,1,1,6,6,8,6,6,6,6,8,6,6,6,6,6,3,3,8,8
セリナ (クリスマス),2,1,1,1,1,1,1,1,1,1,1,1,1,1,3,1,1,1,1,1,1,1,1,1,1,1,1,1,1,1,1,1,1,2,1,8,6,6,6,6,6,6,7,6,6,6,6,6,3,3,8,8
タカネ,1,1,1,2,2,1,1,1,1,3,1,1,1,1,1,2,1,1,1,1,1,1,1,3,1,1,1,1,1,1,1,3,2,1,1,6,7,6,6,6,6,6,6,6,6,8,6,6,3,3,8,8
チアキ,1,1,1,2,2,1,1,1,1,2,1,1,1,1,1,2,1,1,1,2,1,1,1,3,1,1,1,1,1,1,1,1,2,1,1,6,7,6,6,6,8,6,6,6,6,6,6,6,3,3,8,8
チェリノ,1,1,1,1,1,1,1,1,1,1,1,1,1,1,1,1,1,2,2,2,1,1,1,1,1,1,2,1,2,3,2,1,1,1,1,6,6,6,7,6,6,6,6,6,6,6,6,6,3,3,8,8
チェリノ (温泉),1,1,1,1,1,1,1,1,1,1,1,1,1,1,1,1,1,3,2,1,1,1,1,1,1,1,1,1,2,2,1,1,1,1,1,6,6,6,8,6,6,6,6,6,6,6,6,6,3,3,8,8
チセ,1,1,1,2,2,1,1,1,1,2,1,1,1,1,1,2,1,1,1,1,1,1,1,3,1,1,1,1,1,1,1,1,2,1,1,6,7,6,6,6,6,6,6,6,6,6,6,6,3,3,8,8
チセ (水着),1,1,1,2,2,1,1,1,1,2,1,1,1,1,1,2,1,1,1,1,1,1,1,3,1,1,1,1,1,1,1,1,2,1,3,6,7,6,6,6,6,6,6,6,6,6,6,6,3,3,8,8
チナツ,1,1,1,2,2,1,1,1,1,3,1,1,1,1,1,2,1,1,1,1,1,1,1,2,1,1,1,1,1,1,1,1,2,1,1,6,7,6,8,6,6,6,6,6,6,6,6,6,3,3,8,8
チナツ (温泉),1,1,1,2,2,1,1,1,1,3,1,1,1,1,1,2,1,2,1,2,1,1,1,2,1,1,1,1,1,2,3,1,2,1,1,6,7,6,7,6,6,6,6,6,6,6,6,6,3,3,8,8
チヒロ,1,1,3,1,1,1,1,1,1,1,1,2,1,1,1,1,1,1,1,1,1,1,1,1,1,1,1,1,1,1,2,1,1,1,1,6,6,6,6,6,7,6,6,6,6,6,6,6,3,3,8,8
ツクヨ,1,1,1,1,1,1,1,1,1,1,1,1,1,1,1,1,1,1,2,1,1,1,1,1,1,1,1,1,3,2,1,1,1,1,1,6,6,6,6,6,6,6,6,7,6,6,6,6,3,3,8,8
ツクヨ (ドレス),1,1,1,1,1,2,3,2,1,1,1,1,1,1,1,1,1,1,2,1,1,1,1,1,1,1,1,1,2,2,1,2,1,1,1,6,6,8,6,6,6,7,6,6,6,6,6,6,3,3,8,8
ツバキ,3,1,1,1,1,1,1,1,1,1,1,1,1,1,2,1,1,1,1,1,1,1,1,1,1,1,1,1,1,1,1,1,1,1,1,7,6,6,6,6,6,6,6,8,6,6,6,6,3,3,8,8
ツバキ (ガイド),3,1,1,2,2,1,1,1,1,2,1,1,1,1,2,2,1,1,1,1,1,1,1,2,1,1,1,1,1,1,1,1,2,1,1,8,7,6,6,6,6,6,6,6,6,6,6,6,3,3,8,8
ツルギ,1,1,1,3,1,1,1,1,1,1,1,1,1,1,1,1,1,1,1,1,1,1,1,1,1,1,1,1,1,1,1,1,1,1,1,6,6,6,6,6,6,8,6,6,6,6,6,6,3,3,8,8
ツルギ (水着),1,1,1,3,1,1,1,1,1,1,1,1,1,1,1,1,1,1,1,1,1,1,1,1,1,1,1,1,1,1,1,1,1,1,3,6,6,6,6,6,6,8,6,6,6,6,6,6,3,3,8,8
トキ,1,3,1,1,1,1,1,1,1,1,1,1,1,1,1,1,2,1,1,1,1,1,1,1,1,1,1,1,1,1,1,1,2,2,1,6,6,6,6,6,6,6,6,6,6,6,8,6,3,3,8,8
トキ (バニー),1,3,1,1,1,1,1,1,1,1,1,1,1,1,1,1,2,1,1,1,1,1,1,1,1,1,1,1,1,1,1,1,2,2,1,6,6,6,6,6,6,6,6,6,8,6,8,6,3,3,8,8
トキ (臨戦),1,1,2,1,2,1,1,1,1,1,1,3,1,1,1,1,2,1,2,1,1,3,1,1,1,1,1,1,2,2,1,1,1,1,1,6,6,6,6,6,7,6,6,6,6,6,6,8,3,3,8,8
トモエ,1,1,1,1,1,1,1,1,1,2,1,1,1,1,1,1,1,1,1,1,1,1,1,3,1,1,1,1,1,1,1,2,1,1,1,6,6,6,8,6,6,6,6,6,6,6,6,6,3,3,8,8
トモエ (チーパオ),1,1,1,2,2,1,1,1,1,2,1,1,1,1,1,2,1,1,1,1,1,1,1,2,1,1,1,1,1,1,1,2,2,1,1,6,7,8,6,6,6,7,6,6,6,6,6,6,3,3,8,8
ナギサ,1,1,1,1,1,1,1,1,2,1,1,1,1,1,1,1,1,2,1,2,1,1,1,1,1,1,1,1,1,2,3,1,1,1,1,6,6,6,8,6,6,6,6,6,6,6,6,6,3,3,8,8
ナギサ (水着),1,1,1,1,1,1,1,1,3,1,1,1,1,1,1,1,1,2,1,2,1,1,1,1,1,1,1,1,1,2,2,1,1,1,3,8,6,6,7,6,6,6,6,6,6,6,6,6,3,3,8,8
ナグサ,1,1,1,1,1,1,2,1,2,1,1,1,2,2,1,1,1,1,1,1,1,1,1,3,1,1,2,1,1,1,1,2,1,1,1,6,6,6,6,7,6,8,6,6,6,6,6,6,3,3,8,8
ナツ,1,1,1,1,1,1,1,1,2,1,1,1,2,2,1,1,1,3,1,1,1,1,1,1,1,1,2,1,1,1,1,1,1,1,1,6,6,6,6,7,6,6,6,6,6,6,6,6,3,3,8,8
ナツ (バンド),1,1,1,1,1,1,1,1,3,1,1,1,2,2,1,1,1,2,1,1,1,1,1,1,1,1,3,1,1,1,1,1,1,1,1,6,6,6,6,8,6,6,6,6,6,6,6,6,3,3,8,8
ニヤ,1,1,1,3,1,1,1,1,1,1,2,1,1,1,1,1,1,2,3,2,2,1,2,1,1,2,1,1,2,3,2,1,1,1,1,6,6,6,7,6,6,6,6,8,6,6,6,7,3,3,8,8
ネル,1,1,1,1,1,1,1,1,1,1,2,1,1,1,1,1,1,1,3,1,2,1,2,1,1,2,1,1,1,1,1,1,1,1,1,6,6,6,6,6,6,6,6,6,6,6,6,7,3,3,8,8
ネル (バニー),1,1,1,1,2,1,1,1,1,1,1,3,1,1,1,1,2,1,1,1,1,1,1,1,1,1,1,1,1,1,1,1,1,1,1,6,6,6,6,6,6,6,6,6,6,6,6,8,3,3,8,8
ネル (制服),1,1,1,1,2,1,1,1,1,1,2,2,1,1,1,1,2,1,3,1,2,1,2,1,1,2,1,1,2,2,1,1,1,1,1,6,6,6,6,6,6,6,6,6,6,6,6,8,3,3,8,8
ノア,1,1,1,2,2,1,1,1,1,2,1,1,1,1,1,2,1,1,1,1,1,1,1,3,1,1,1,1,1,1,1,1,2,1,1,6,7,6,6,6,6,6,6,6,6,6,6,6,3,3,8,8
ノア (パジャマ),2,1,1,2,2,2,2,2,1,2,1,1,1,1,2,2,1,1,1,1,1,1,1,3,1,1,1,1,1,1,1,1,2,1,1,8,7,7,6,6,6,6,6,6,6,6,6,6,3,3,8,8
ノゾミ,1,1,1,1,1,1,1,1,1,1,2,1,1,1,1,1,1,2,3,2,2,1,2,1,1,2,1,1,1,2,2,1,1,1,1,6,6,6,7,6,6,6,6,6,6,6,6,8,3,3,8,8
ノドカ,1,1,1,1,1,1,1,1,2,1,3,1,2,2,1,1,1,1,1,1,1,1,1,1,1,1,2,1,1,1,1,1,1,1,1,6,6,6,6,7,6,6,6,6,6,6,6,6,3,3,8,8
ノドカ (温泉),1,1,1,1,1,1,1,1,2,1,2,1,2,2,1,1,1,1,1,1,1,2,1,1,1,1,2,3,1,1,1,1,1,1,1,6,6,6,6,7,6,6,6,6,6,7,6,6,3,3,8,8
ノノミ,1,1,1,1,1,3,2,2,1,1,1,1,1,1,1,1,1,1,1,1,1,1,1,1,1,1,1,1,1,1,1,1,1,1,1,6,6,7,6,6,6,6,6,6,6,6,6,6,3,3,8,8
ノノミ (水着),1,1,1,1,1,3,2,2,1,1,1,1,1,1,1,1,1,1,1,1,1,1,1,1,1,1,1,1,1,1,1,1,1,1,3,6,6,7,6,6,6,6,6,6,6,6,6,6,3,3,8,8
ハスミ,1,1,1,1,1,1,1,1,2,1,1,1,2,2,1,1,1,1,1,1,1,1,1,1,1,1,3,2,1,1,1,1,1,1,1,6,6,6,6,7,6,6,6,6,6,6,6,6,3,3,8,8
ハスミ (体操服),1,1,1,1,1,1,1,1,2,1,1,1,2,2,1,1,1,1,1,1,1,1,1,1,1,1,3,2,1,1,1,1,1,1,1,6,6,6,6,8,6,6,6,6,6,6,6,6,3,3,8,8
ハスミ (水着),1,1,1,1,1,1,1,1,2,1,1,1,2,2,1,1,1,1,1,1,1,1,1,1,1,1,3,2,1,1,1,1,1,1,3,6,6,6,6,8,6,6,6,6,6,6,6,6,3,3,8,8
ハナエ,1,1,1,1,1,2,3,2,1,1,1,1,1,1,1,1,1,1,1,1,1,1,1,1,1,1,1,1,1,1,1,1,1,1,1,6,6,7,6,6,6,6,6,6,6,6,6,6,3,3,8,8
ハナエ (クリスマス),1,2,1,1,1,1,1,1,1,1,1,1,1,1,1,1,3,1,1,1,1,1,1,1,1,1,1,1,1,1,1,1,1,2,1,6,6,6,6,6,6,6,6,6,6,6,8,6,3,3,8,8
ハナコ,1,1,1,3,2,1,1,1,1,2,1,1,1,1,1,2,1,1,1,3,1,1,1,2,1,1,1,1,1,1,1,1,2,1,1,6,7,6,6,6,6,6,6,6,6,6,6,6,3,3,8,8
ハナコ (水着),1,1,1,1,1,2,4,2,1,1,1,1,1,1,1,1,1,1,1,1,1,1,1,1,1,1,1,1,1,1,1,2,1,1,3,6,6,7,6,6,6,8,6,6,6,6,6,6,3,3,8,8
ハルカ,1,1,1,1,1,1,1,1,1,1,1,1,1,1,1,1,1,1,2,1,1,1,1,1,1,1,1,1,3,2,1,1,1,1,1,6,6,6,6,6,6,6,6,7,6,6,6,6,3,3,8,8
ハルカ (正月),1,1,1,1,1,1,1,1,1,1,1,1,1,1,1,1,1,1,2,1,1,1,1,1,1,1,1,1,3,2,1,1,1,1,1,6,6,6,6,6,6,6,6,8,6,6,6,6,3,3,8,8
ハルナ,1,1,1,1,1,1,1,1,1,1,1,1,1,1,1,1,1,1,1,1,1,1,1,1,1,1,1,1,1,1,1,3,1,1,1,6,6,6,6,6,6,6,6,6,6,8,6,6,3,3,8,8
ハルナ (正月),1,1,1,1,1,1,1,1,3,1,1,1,1,1,1,1,1,1,1,1,1,1,1,1,1,1,1,1,1,1,1,3,1,1,1,6,6,6,6,6,6,6,6,6,6,8,6,6,3,3,8,8
ハルナ (体操服),1,2,1,1,1,1,1,1,3,1,1,1,2,2,1,1,2,1,1,1,1,1,1,1,1,1,2,1,1,1,1,1,1,1,1,6,6,6,6,8,6,6,6,6,6,6,7,6,3,3,8,8
ハレ,1,1,1,1,3,1,1,1,1,1,1,2,1,1,1,1,2,1,1,1,1,1,1,1,1,1,1,1,1,1,1,1,1,1,1,6,6,6,6,6,8,6,6,6,6,6,6,6,3,3,8,8
ハレ (キャンプ),1,1,1,1,3,1,1,1,1,1,1,2,1,1,1,1,2,1,1,1,1,1,1,1,1,1,1,1,1,1,1,1,1,1,1,6,6,6,6,6,8,6,6,6,6,6,6,6,3,3,8,8
ヒカリ,1,1,1,1,2,1,1,1,3,1,1,2,2,2,1,1,2,1,1,1,1,1,1,1,1,1,2,1,1,1,1,1,1,1,1,6,6,6,6,8,6,6,6,6,6,6,6,6,3,3,8,8
ヒナ,1,1,1,1,1,1,1,1,1,1,1,1,1,1,1,1,1,1,1,3,1,1,1,1,1,1,1,1,1,1,1,1,1,1,1,6,6,8,6,6,6,6,6,6,6,6,6,6,3,3,8,8
ヒナ (ドレス),1,1,1,1,1,1,1,1,1,1,1,1,1,1,1,1,1,1,1,3,1,3,1,1,1,1,1,2,1,1,1,1,1,1,1,6,6,6,6,6,6,6,6,6,8,6,6,6,3,3,8,8
ヒナ (水着),1,1,1,1,1,1,1,1,1,1,1,1,1,1,1,1,1,1,1,3,1,1,1,1,1,1,1,1,1,1,1,1,1,1,3,6,6,8,6,6,6,6,6,6,6,6,6,6,3,3,8,8
ヒナタ,1,1,1,1,1,1,1,1,1,1,1,1,1,1,1,1,1,1,1,1,1,1,1,1,1,1,1,1,3,1,1,2,1,1,1,6,6,6,6,6,6,6,6,7,8,6,6,6,3,3,8,8
ヒナタ (水着),1,1,1,1,1,1,1,1,1,1,1,1,1,1,1,1,1,1,1,1,1,1,1,1,2,1,1,1,1,1,1,2,1,1,3,6,6,6,6,6,6,6,6,6,8,6,6,6,3,3,8,8
ヒビキ,1,1,3,1,1,1,1,1,1,1,1,2,1,1,1,1,1,1,1,1,1,1,1,1,1,1,1,1,1,1,1,1,1,1,1,6,6,6,6,6,7,6,6,6,6,6,6,6,3,3,8,8
ヒビキ (応援団),1,1,3,1,1,1,1,1,1,1,1,2,1,1,1,1,1,1,1,1,1,1,1,1,2,1,1,1,1,1,2,1,1,1,1,6,6,6,6,6,7,6,6,6,8,6,6,6,3,3,8,8
ヒフミ,2,3,1,1,1,1,1,1,1,1,1,1,1,1,1,1,1,1,1,1,1,1,1,1,1,1,1,1,1,1,1,1,1,1,1,6,6,8,6,6,6,6,6,6,6,6,6,6,3,3,8,8
ヒフミ (水着),2,3,1,1,1,1,1,1,1,1,1,1,1,1,1,1,1,1,1,1,1,1,1,1,1,1,1,1,1,1,1,1,1,1,3,6,6,6,8,6,6,6,6,6,6,6,6,6,3,3,8,8
ヒマリ,1,1,1,1,1,1,1,1,1,1,1,1,1,1,1,1,1,2,1,3,1,1,1,1,1,1,1,1,1,2,2,1,1,1,1,6,6,6,8,6,6,6,6,6,6,6,6,6,3,3,8,8
ヒマリ (臨戦),1,1,1,1,1,1,1,1,1,1,1,1,1,1,1,1,1,2,1,3,1,1,1,1,1,1,1,1,1,2,2,1,2,2,1,6,6,6,8,6,6,6,6,6,6,6,6,6,3,3,8,8
ヒヨリ,1,1,1,1,1,1,1,1,1,1,1,1,1,1,1,1,1,1,1,1,1,1,1,1,3,1,1,1,1,1,1,1,1,1,1,6,6,6,6,6,6,6,6,6,7,6,6,6,3,3,8,8
ヒヨリ (水着),1,1,1,3,1,1,1,1,2,1,1,1,2,2,1,1,1,1,1,1,1,1,1,1,1,1,3,2,1,1,1,1,1,1,3,6,6,6,6,8,6,6,6,6,6,6,6,6,3,3,8,8
フィーナ,1,1,1,1,1,1,1,1,1,1,1,1,1,1,1,1,1,1,1,1,1,3,1,1,1,1,1,1,1,1,1,1,1,1,1,6,6,6,6,6,6,6,6,6,8,6,6,6,3,3,8,8
フィーナ (ガイド),1,1,1,2,2,1,1,1,1,2,1,1,1,1,1,2,1,1,1,1,1,3,1,2,1,1,1,2,1,1,1,1,2,1,1,6,8,6,6,6,6,6,6,6,6,7,6,6,3,3,8,8
フウカ,1,1,1,1,1,1,1,1,1,1,1,1,1,1,1,1,1,1,1,1,1,1,1,1,3,1,1,1,1,1,1,1,1,1,1,6,6,6,6,6,6,6,6,6,7,6,6,6,3,3,8,8
フウカ (正月),1,1,1,1,1,1,1,1,1,1,1,1,1,1,1,1,1,1,1,1,1,1,1,1,3,1,1,1,1,1,1,1,1,3,1,6,6,6,6,6,6,6,8,6,7,6,6,6,3,3,8,8
フブキ,1,1,1,1,1,1,1,1,3,1,1,1,2,2,1,1,1,1,1,1,1,1,1,1,1,1,2,1,1,1,1,1,1,1,1,6,6,6,6,7,6,6,6,6,6,6,6,6,3,3,8,8
フブキ (水着),1,1,1,1,2,1,1,1,3,1,1,2,2,3,1,1,2,1,1,1,1,1,1,1,1,1,2,1,1,1,1,1,1,1,3,6,6,6,6,8,6,6,6,6,6,6,6,6,3,3,8,8
フユ,1,1,1,1,1,2,2,2,1,1,1,1,1,1,1,1,1,1,1,1,1,3,1,1,1,1,1,1,1,1,1,1,1,1,1,6,6,8,6,6,6,6,6,6,6,6,6,6,3,3,8,8
ホシノ,1,1,1,1,1,1,1,1,1,1,1,1,1,1,1,1,1,3,1,1,1,1,1,1,1,1,1,1,1,1,1,1,1,1,1,8,6,6,8,6,6,6,6,6,6,6,6,6,3,3,8,8
ホシノ (水着),1,1,1,1,1,1,1,1,1,1,1,1,1,1,1,1,1,3,1,1,1,1,1,1,1,1,1,1,1,1,1,1,1,1,3,8,6,6,8,6,6,6,6,6,6,6,6,6,3,3,8,8
ホシノ (臨戦),1,1,1,1,1,1,1,3,1,1,1,1,3,1,1,1,1,3,1,2,1,1,1,1,1,1,1,1,1,2,2,1,1,1,1,8,6,6,7,6,6,6,6,6,6,6,6,6,3,3,8,8
マキ,1,1,1,1,1,1,1,1,1,1,2,1,1,1,1,1,1,1,2,1,2,1,3,1,1,2,1,1,1,1,1,1,1,1,1,6,6,6,6,6,6,6,6,6,6,6,6,7,3,3,8,8
マキ (キャンプ),1,1,2,1,2,1,1,1,1,1,1,3,1,1,1,1,2,1,1,1,1,1,3,1,1,1,1,1,1,1,1,1,1,1,1,6,6,6,6,6,7,8,6,6,6,6,6,6,3,3,8,8
マコト,1,1,1,1,1,1,1,1,1,1,1,1,1,1,1,1,1,3,2,3,1,1,1,1,1,1,1,1,2,3,2,1,1,1,1,6,6,6,8,6,6,6,6,6,6,6,6,6,3,3,8,8
マシロ,1,1,1,1,1,1,1,3,1,1,1,1,2,1,1,1,1,1,1,1,1,1,1,1,1,1,1,1,1,1,1,1,1,1,1,6,6,6,6,6,6,6,8,6,6,6,6,6,3,3,8,8
マシロ (水着),1,1,1,1,1,1,1,2,1,1,1,1,3,1,1,1,1,1,1,1,1,1,1,1,1,1,1,1,1,1,1,1,1,1,3,6,6,6,6,6,6,6,8,6,6,6,6,6,3,3,8,8
マリー,1,1,1,1,1,1,1,1,1,1,1,1,1,1,1,1,1,1,1,1,1,1,1,1,1,1,1,1,2,1,1,3,1,1,1,6,6,6,6,6,6,6,6,7,6,6,6,6,3,3,8,8
マリー (アイドル),1,1,1,1,1,1,1,1,1,1,1,1,1,1,1,1,1,1,1,1,1,1,1,1,3,1,1,1,1,1,1,3,1,1,1,6,6,6,6,6,6,6,6,6,8,6,6,6,3,3,8,8
マリー (体操服),1,1,1,1,1,1,1,1,1,1,1,1,1,1,1,1,1,1,1,1,1,1,1,1,1,1,1,1,2,1,1,3,1,1,1,6,6,6,6,6,6,8,6,7,6,6,6,6,3,3,8,8
マリナ,1,1,1,1,1,1,1,1,1,1,1,1,1,1,1,1,1,2,1,2,3,1,1,1,1,1,1,1,1,2,2,1,1,1,1,6,6,6,7,6,6,6,6,6,6,6,6,6,3,3,8,8
マリナ (チーパオ),1,1,1,1,1,1,1,1,1,1,2,1,1,1,1,1,1,2,2,2,3,1,2,1,1,2,1,1,1,2,2,1,1,1,1,6,6,6,7,6,6,8,6,6,6,6,6,7,3,3,8,8
ミカ,1,1,1,1,1,2,3,2,2,1,1,1,2,2,1,1,1,1,1,1,1,1,1,1,1,1,2,1,1,1,1,1,1,1,1,6,6,7,6,8,6,6,6,6,6,6,6,6,3,3,8,8
ミカ (水着),1,1,1,1,1,3,2,2,1,1,1,1,1,1,1,1,1,1,1,1,1,1,1,1,1,1,1,1,1,1,1,1,1,1,3,6,6,7,6,6,6,8,6,6,6,6,6,6,3,3,8,8
ミサキ,1,1,1,1,1,1,1,1,1,1,1,1,1,1,1,1,1,1,1,1,3,1,1,1,1,1,1,1,1,1,1,1,1,1,1,8,6,6,6,6,6,6,6,6,6,6,6,6,3,3,8,8
ミサキ (水着),1,1,1,1,1,1,1,1,1,1,1,1,1,1,1,1,1,1,1,1,3,1,1,1,1,1,1,1,1,1,1,2,1,1,3,6,6,6,6,6,6,8,6,6,6,6,6,6,3,3,8,8
ミチル,1,1,1,1,1,1,1,1,1,1,1,1,1,1,1,1,1,3,1,2,1,1,1,1,1,1,1,1,1,2,2,1,1,1,1,6,6,6,7,6,6,6,6,6,6,6,6,6,3,3,8,8
ミチル (ドレス),1,1,1,1,1,1,1,1,1,1,1,1,1,1,1,1,1,3,2,1,1,1,1,1,1,1,1,1,2,2,1,2,1,1,1,6,6,6,6,6,6,8,6,6,6,6,6,6,3,3,8,8
ミドリ,1,1,1,1,1,1,1,1,1,1,1,1,1,1,3,1,1,1,1,1,1,1,1,1,1,1,1,1,1,1,1,1,1,1,1,6,6,6,6,6,6,6,6,6,6,6,6,8,3,3,8,8
ミドリ (メイド),1,1,1,1,2,1,1,1,1,1,1,2,1,1,1,1,2,1,1,1,1,1,1,1,3,1,1,1,1,1,1,1,1,1,1,6,6,6,6,6,6,6,6,6,8,6,6,6,3,3,8,8
ミナ,1,1,1,1,1,1,1,1,1,1,1,1,1,1,1,1,1,2,2,2,1,1,1,1,1,1,1,1,2,3,3,1,1,1,1,6,6,6,8,6,6,6,6,6,6,6,6,6,3,3,8,8
ミネ,1,1,1,1,1,3,2,2,1,1,1,1,1,1,1,1,1,1,1,1,1,1,1,1,1,1,1,1,1,1,1,1,1,1,1,6,6,8,6,6,6,6,6,6,6,6,6,6,3,3,8,8
ミネ (アイドル),3,2,1,1,1,3,2,2,1,1,1,1,1,1,1,1,1,1,1,1,3,1,1,1,1,1,1,1,1,1,1,1,1,1,1,6,6,7,6,6,6,8,6,6,6,6,6,6,3,3,8,8
ミノリ,1,1,1,2,2,1,1,1,1,3,1,1,1,1,1,2,1,1,1,1,1,1,1,2,1,1,1,1,1,1,1,1,3,2,1,6,7,6,6,6,6,6,8,6,6,6,6,6,3,3,8,8
ミモリ,1,1,1,1,1,1,1,1,1,1,1,1,1,1,1,1,1,1,1,1,1,1,1,1,3,1,1,1,1,1,1,3,1,1,1,6,6,6,6,6,6,7,6,6,7,6,6,6,3,3,8,8
ミモリ (水着),1,1,1,2,2,2,2,2,1,2,1,1,1,1,1,2,1,1,1,1,1,1,1,3,2,1,1,1,1,1,1,1,2,1,3,6,7,7,6,6,6,6,6,6,8,6,6,6,3,3,8,8
ミヤコ,1,1,1,1,1,1,1,2,1,3,1,1,2,1,1,1,1,1,1,1,1,1,1,1,1,1,1,1,1,1,1,1,1,1,1,6,6,6,6,6,8,6,6,6,6,6,6,6,3,3,8,8
ミヤコ (水着),1,1,1,1,1,1,1,2,1,3,1,1,2,1,1,1,1,1,1,1,1,1,1,1,1,1,1,1,1,1,1,1,1,1,3,8,6,6,6,6,6,6,6,6,6,6,6,6,3,3,8,8
ミユ,1,1,1,1,1,1,1,2,1,1,1,1,2,1,1,1,1,1,1,1,1,1,1,1,1,1,1,1,1,1,1,3,1,1,1,6,6,6,6,6,6,8,6,6,6,6,6,6,3,3,8,8
ミユ (水着),1,1,1,1,1,1,1,2,1,1,1,1,2,1,1,1,1,1,1,1,1,1,1,1,1,1,1,1,1,1,1,3,1,1,3,6,6,6,6,6,6,8,6,6,6,6,6,6,3,3,8,8
ミヨ,1,1,1,2,2,1,1,1,1,2,1,1,1,1,1,3,1,2,1,2,1,1,1,2,1,1,1,1,1,2,2,1,2,1,1,6,8,6,7,6,6,6,6,6,6,6,6,6,3,3,8,8
ムツキ,1,1,1,1,1,1,1,1,1,1,2,1,1,1,1,1,1,1,4,1,2,1,2,1,1,2,1,1,2,2,1,1,1,1,1,6,6,6,6,6,6,6,6,6,6,6,6,7,3,3,8,8
ムツキ (正月),1,1,1,1,1,1,1,1,1,1,2,1,1,1,1,1,1,1,3,1,2,1,2,1,1,2,1,1,2,2,1,1,1,1,1,6,6,6,6,6,6,6,6,6,6,6,6,7,3,3,8,8
メグ,1,1,1,1,1,1,1,1,1,1,2,1,1,1,1,1,1,1,3,1,2,1,2,1,1,2,1,1,2,2,1,1,1,1,1,6,6,6,6,6,6,6,6,6,6,6,6,8,3,3,8,8
メル,1,1,1,2,2,1,1,1,1,2,2,1,1,1,1,2,1,1,2,1,2,1,3,2,1,2,1,1,1,1,1,1,2,1,1,6,7,6,6,6,6,6,6,6,6,6,6,8,3,3,8,8
モエ,1,1,3,1,1,1,1,2,1,1,1,2,2,1,1,1,1,1,1,1,1,1,1,1,1,1,1,1,1,1,1,1,1,1,1,6,6,6,6,6,7,6,6,6,6,6,6,6,3,3,8,8
モエ (水着),1,1,2,1,1,1,1,2,1,1,1,2,2,1,1,1,1,1,2,1,1,1,1,1,1,1,1,1,2,2,1,1,1,1,3,6,6,6,6,6,8,6,6,6,6,6,6,6,3,3,8,8
モミジ,1,1,1,3,2,2,1,1,1,2,1,1,1,1,1,2,1,1,1,1,1,1,1,2,1,1,1,1,1,1,1,1,2,1,1,6,8,6,6,6,6,6,6,6,6,6,6,6,3,3,8,8
モモイ,1,1,1,1,2,1,1,1,1,1,1,3,1,1,1,1,2,1,1,1,1,1,1,1,1,1,1,1,1,1,1,1,1,1,1,6,6,6,6,6,6,6,6,6,6,6,6,8,3,3,8,8
モモイ (メイド),2,1,1,1,2,1,1,1,1,1,1,3,1,1,2,1,2,1,1,1,1,1,1,1,1,1,1,1,1,1,1,1,1,1,1,7,6,6,6,6,6,6,6,6,6,6,6,8,3,3,8,8
ヤクモ,1,1,1,2,2,1,1,1,1,2,1,1,1,1,1,2,1,2,1,2,1,1,1,2,1,1,1,1,1,3,2,1,2,1,1,6,7,6,8,6,6,6,6,6,6,6,6,6,3,3,8,8
ユウカ,1,1,1,1,1,1,1,1,1,1,1,1,1,1,1,1,1,1,1,1,1,1,1,1,1,3,1,1,1,1,1,1,1,1,1,6,6,6,6,6,8,6,8,6,6,6,6,6,3,3,8,8
ユウカ (パジャマ),3,1,2,1,1,2,2,2,1,1,1,2,1,1,2,1,1,1,1,1,1,1,1,1,1,1,1,1,1,1,1,1,1,1,1,8,6,7,6,6,7,6,6,6,6,6,6,6,3,3,8,8
ユウカ (体操服),1,1,1,1,1,1,1,1,1,1,1,1,1,1,1,1,1,1,1,1,1,1,1,1,1,3,1,1,1,1,1,1,1,1,1,6,6,6,6,6,6,6,6,6,6,6,6,6,3,3,8,8
ユカリ,1,1,1,1,1,1,1,1,2,1,1,1,2,2,1,1,1,1,1,1,1,1,1,1,1,1,2,1,1,1,1,3,1,1,1,6,6,6,6,7,6,8,6,6,6,6,6,6,3,3,8,8
ユカリ (水着),1,1,1,1,1,1,1,1,2,1,1,1,2,2,1,1,1,1,1,1,1,1,1,1,1,1,2,1,1,1,1,3,1,1,3,6,6,6,6,7,6,8,6,6,6,6,6,6,3,3,8,8
ユズ,1,1,2,1,2,1,1,1,1,1,1,3,1,1,1,1,2,1,1,1,1,1,1,1,1,1,1,1,1,1,1,1,1,1,1,6,6,6,6,6,7,6,6,6,6,6,6,6,3,3,8,8
ユズ (メイド),1,1,2,1,2,1,1,1,1,1,1,3,1,1,1,1,2,1,1,1,1,1,1,1,1,1,1,1,1,1,1,1,1,1,1,6,6,6,6,6,8,6,6,6,6,6,6,6,3,3,8,8
ヨシミ,1,1,1,1,1,1,1,1,3,1,1,1,2,2,1,1,1,1,1,1,1,1,1,1,1,1,2,1,1,1,1,1,1,1,1,6,6,6,6,7,6,6,6,6,6,6,6,6,3,3,8,8
ヨシミ (バンド),1,1,1,1,1,2,1,1,3,1,1,1,2,2,1,1,1,1,1,1,1,1,1,1,1,1,3,1,1,1,1,1,1,1,1,6,6,6,6,8,6,6,6,6,6,6,6,6,3,3,8,8
ラブ,1,3,1,1,1,1,1,1,2,1,1,1,2,2,1,1,2,2,1,2,1,1,1,1,1,1,2,1,1,2,2,1,1,1,1,6,6,6,7,7,6,6,6,6,6,6,8,6,3,3,8,8
リオ,1,1,2,1,1,1,1,1,1,1,3,2,1,1,1,1,1,1,2,1,1,1,1,1,1,1,1,1,2,2,1,1,1,1,1,6,6,6,6,6,8,6,6,6,6,6,6,6,3,3,8,8
リオ (臨戦),1,1,2,1,1,1,1,1,1,1,3,2,1,1,1,1,1,1,2,2,1,1,1,1,1,1,1,1,2,2,1,1,1,1,1,6,6,6,6,6,8,6,6,6,6,6,6,6,3,3,8,8
リツ,1,1,1,1,1,1,1,1,1,1,2,1,1,1,1,1,1,1,3,1,2,1,2,1,1,2,1,1,2,2,1,1,1,1,1,6,6,6,6,6,6,6,6,8,6,6,6,7,3,3,8,8
ルミ,1,1,1,1,1,1,1,1,1,1,1,1,1,1,1,1,1,1,1,1,1,1,1,1,3,1,1,1,1,1,1,3,1,1,1,6,6,6,6,6,6,8,6,6,6,6,6,6,3,3,8,8
レイ,1,1,2,1,1,1,1,1,1,1,1,2,1,1,1,1,1,2,1,1,1,1,1,1,1,1,1,1,1,1,1,1,1,1,1,6,6,6,6,6,8,6,6,6,6,6,6,6,3,3,8,8
レイサ,1,1,3,1,1,1,1,1,2,1,1,2,2,2,1,1,1,1,1,1,1,1,1,1,1,1,2,1,1,1,2,1,1,1,1,6,6,6,6,8,7,6,6,6,6,6,6,6,3,3,8,8
レイサ (マジカル),1,1,1,2,3,1,1,1,2,2,2,2,2,2,1,2,2,1,2,1,2,1,2,2,1,2,2,1,1,1,1,1,2,1,1,6,8,6,6,7,6,6,6,6,6,6,6,7,3,3,8,8
レイジョ,1,2,1,1,1,1,1,1,1,1,1,1,1,1,1,1,2,2,1,1,1,1,1,1,1,1,1,1,1,1,1,1,1,3,1,6,6,6,6,6,6,6,6,6,6,6,8,6,3,3,8,8
レンゲ,1,1,1,3,1,1,1,1,1,1,1,1,1,1,1,1,1,1,1,1,1,3,1,1,3,1,1,2,1,1,1,1,1,1,1,6,6,6,6,6,6,6,6,6,8,7,6,6,3,3,8,8
レンゲ (水着),1,1,1,3,2,1,1,1,1,2,1,1,1,1,1,2,1,1,1,1,1,1,1,2,2,1,1,1,1,1,1,1,2,1,3,6,7,6,6,6,6,6,6,6,8,6,6,6,3,3,8,8
ワカモ,1,1,1,1,1,1,1,1,1,1,1,1,1,1,1,1,1,1,1,1,3,1,1,1,1,1,1,1,1,1,1,1,1,1,1,6,6,6,6,6,6,8,6,6,6,6,6,6,3,3,8,8
ワカモ (水着),1,1,1,1,1,1,1,1,1,1,1,1,1,1,1,1,1,1,1,1,3,1,1,1,1,1,1,1,1,1,1,1,1,1,3,6,6,6,6,6,6,8,6,6,6,6,6,6,3,3,8,8
御坂美琴,1,1,1,1,1,1,1,1,1,1,1,1,1,1,1,1,1,1,1,1,1,1,1,1,1,1,1,1,1,1,1,1,1,1,1,6,6,6,6,6,6,6,6,6,6,6,6,6,3,3,8,8
佐天涙子,1,1,1,1,1,1,1,1,1,1,1,1,1,1,1,1,1,1,1,1,1,1,1,1,1,1,1,1,1,1,1,1,1,1,1,6,6,6,6,6,6,6,6,6,6,6,6,6,3,3,8,8
初音ミク,1,1,1,1,1,1,1,1,1,1,1,1,1,1,1,1,1,1,1,1,1,1,1,1,1,1,1,1,1,1,1,1,1,1,1,6,6,6,6,6,6,6,6,6,6,6,6,6,3,3,8,8
食蜂操祈,1,1,1,1,1,1,1,1,1,1,1,1,1,1,1,1,1,1,1,1,1,1,1,1,1,1,1,1,1,1,1,1,1,1,1,6,6,6,6,6,6,6,6,6,6,6,6,6,3,3,8,8
,,,,,,,,,,,,,,,,,,,,,,,,,,,,,,,,,,,,,,,,,,,,,,,,,,,,